name,region,url
3do,default,https://raw.githubusercontent.com/CkauNui/ckau-book-addons-Colorful-4K-Images/main/ckau-book-addons/_inc/anim/4K/3do.png
3ds,default,https://raw.githubusercontent.com/CkauNui/ckau-book-addons-Colorful-4K-Images/main/ckau-book-addons/_inc/anim/4K/3ds.png
3dsen,default,https://raw.githubusercontent.com/CkauNui/ckau-book-addons-Colorful-4K-Images/main/ckau-book-addons/_inc/anim/4K/3dsen.png
abc80,default,https://raw.githubusercontent.com/CkauNui/ckau-book-addons-Colorful-4K-Images/main/ckau-book-addons/_inc/anim/4K/abc80.png
abuse,default,https://raw.githubusercontent.com/CkauNui/ckau-book-addons-Colorful-4K-Images/main/ckau-book-addons/_inc/anim/4K/abuse.png
actionmax,default,https://raw.githubusercontent.com/CkauNui/ckau-book-addons-Colorful-4K-Images/main/ckau-book-addons/_inc/anim/4K/actionmax.png
adam,default,https://raw.githubusercontent.com/CkauNui/ckau-book-addons-Colorful-4K-Images/main/ckau-book-addons/_inc/anim/4K/adam.png
adrenaline,default,https://raw.githubusercontent.com/CkauNui/ckau-book-addons-Colorful-4K-Images/main/ckau-book-addons/_inc/anim/4K/adrenaline.png
advision,default,https://raw.githubusercontent.com/CkauNui/ckau-book-addons-Colorful-4K-Images/main/ckau-book-addons/_inc/anim/4K/advision.png
aleck64,default,https://raw.githubusercontent.com/CkauNui/ckau-book-addons-Colorful-4K-Images/main/ckau-book-addons/_inc/anim/4K/aleck64.png
alice32,default,https://raw.githubusercontent.com/CkauNui/ckau-book-addons-Colorful-4K-Images/main/ckau-book-addons/_inc/anim/4K/alice32.png
amiga,default,https://raw.githubusercontent.com/CkauNui/ckau-book-addons-Colorful-4K-Images/main/ckau-book-addons/_inc/anim/4K/amiga.png
amiga1200,default,https://raw.githubusercontent.com/CkauNui/ckau-book-addons-Colorful-4K-Images/main/ckau-book-addons/_inc/anim/4K/amiga1200.png
amiga3000,default,https://raw.githubusercontent.com/CkauNui/ckau-book-addons-Colorful-4K-Images/main/ckau-book-addons/_inc/anim/4K/amiga3000.png
amiga4000,default,https://raw.githubusercontent.com/CkauNui/ckau-book-addons-Colorful-4K-Images/main/ckau-book-addons/_inc/anim/4K/amiga4000.png
amiga500,default,https://raw.githubusercontent.com/CkauNui/ckau-book-addons-Colorful-4K-Images/main/ckau-book-addons/_inc/anim/4K/amiga500.png
amiga600,default,https://raw.githubusercontent.com/CkauNui/ckau-book-addons-Colorful-4K-Images/main/ckau-book-addons/_inc/anim/4K/amiga600.png
amigacd32,default,https://raw.githubusercontent.com/CkauNui/ckau-book-addons-Colorful-4K-Images/main/ckau-book-addons/_inc/anim/4K/amigacd32.png
amigacdtv,default,https://raw.githubusercontent.com/CkauNui/ckau-book-addons-Colorful-4K-Images/main/ckau-book-addons/_inc/anim/4K/amigacdtv.png
amstradcpc,default,https://raw.githubusercontent.com/CkauNui/ckau-book-addons-Colorful-4K-Images/main/ckau-book-addons/_inc/anim/4K/amstradcpc.png
android,default,https://raw.githubusercontent.com/CkauNui/ckau-book-addons-Colorful-4K-Images/main/ckau-book-addons/_inc/anim/4K/android.png
apfm1000,default,https://raw.githubusercontent.com/CkauNui/ckau-book-addons-Colorful-4K-Images/main/ckau-book-addons/_inc/anim/4K/apfm1000.png
apogeebk01,default,https://raw.githubusercontent.com/CkauNui/ckau-book-addons-Colorful-4K-Images/main/ckau-book-addons/_inc/anim/4K/apogeebk01.png
apple2,default,https://raw.githubusercontent.com/CkauNui/ckau-book-addons-Colorful-4K-Images/main/ckau-book-addons/_inc/anim/4K/apple2.png
apple2gs,default,https://raw.githubusercontent.com/CkauNui/ckau-book-addons-Colorful-4K-Images/main/ckau-book-addons/_inc/anim/4K/apple2gs.png
appleios,default,https://raw.githubusercontent.com/CkauNui/ckau-book-addons-Colorful-4K-Images/main/ckau-book-addons/_inc/anim/4K/appleios.png
aquarius,default,https://raw.githubusercontent.com/CkauNui/ckau-book-addons-Colorful-4K-Images/main/ckau-book-addons/_inc/anim/4K/aquarius.png
arcade,default,https://raw.githubusercontent.com/CkauNui/ckau-book-addons-Colorful-4K-Images/main/ckau-book-addons/_inc/anim/4K/arcade.png
arcadepc,default,https://raw.githubusercontent.com/CkauNui/ckau-book-addons-Colorful-4K-Images/main/ckau-book-addons/_inc/anim/4K/arcadepc.png
arcadia,default,https://raw.githubusercontent.com/CkauNui/ckau-book-addons-Colorful-4K-Images/main/ckau-book-addons/_inc/anim/4K/arcadia.png
archimedes,default,https://raw.githubusercontent.com/CkauNui/ckau-book-addons-Colorful-4K-Images/main/ckau-book-addons/_inc/anim/4K/archimedes.png
arduboy,default,https://raw.githubusercontent.com/CkauNui/ckau-book-addons-Colorful-4K-Images/main/ckau-book-addons/_inc/anim/4K/arduboy.png
astrocde,default,https://raw.githubusercontent.com/CkauNui/ckau-book-addons-Colorful-4K-Images/main/ckau-book-addons/_inc/anim/4K/astrocde.png
atari,default,https://raw.githubusercontent.com/CkauNui/ckau-book-addons-Colorful-4K-Images/main/ckau-book-addons/_inc/anim/4K/atari.png
atari2600,default,https://raw.githubusercontent.com/CkauNui/ckau-book-addons-Colorful-4K-Images/main/ckau-book-addons/_inc/anim/4K/atari2600.png
atari5200,default,https://raw.githubusercontent.com/CkauNui/ckau-book-addons-Colorful-4K-Images/main/ckau-book-addons/_inc/anim/4K/atari5200.png
atari7800-us,default,https://raw.githubusercontent.com/CkauNui/ckau-book-addons-Colorful-4K-Images/main/ckau-book-addons/_inc/anim/4K/atari7800-us.png
atari7800,default,https://raw.githubusercontent.com/CkauNui/ckau-book-addons-Colorful-4K-Images/main/ckau-book-addons/_inc/anim/4K/atari7800.png
atari800,default,https://raw.githubusercontent.com/CkauNui/ckau-book-addons-Colorful-4K-Images/main/ckau-book-addons/_inc/anim/4K/atari800.png
atari800_v4,default,https://raw.githubusercontent.com/CkauNui/ckau-book-addons-Colorful-4K-Images/main/ckau-book-addons/_inc/anim/4K/atari800_v4.png
atarijaguar,default,https://raw.githubusercontent.com/CkauNui/ckau-book-addons-Colorful-4K-Images/main/ckau-book-addons/_inc/anim/4K/atarijaguar.png
atarijaguarcd,default,https://raw.githubusercontent.com/CkauNui/ckau-book-addons-Colorful-4K-Images/main/ckau-book-addons/_inc/anim/4K/atarijaguarcd.png
atarilynx,default,https://raw.githubusercontent.com/CkauNui/ckau-book-addons-Colorful-4K-Images/main/ckau-book-addons/_inc/anim/4K/atarilynx.png
atarist,default,https://raw.githubusercontent.com/CkauNui/ckau-book-addons-Colorful-4K-Images/main/ckau-book-addons/_inc/anim/4K/atarist.png
atom,default,https://raw.githubusercontent.com/CkauNui/ckau-book-addons-Colorful-4K-Images/main/ckau-book-addons/_inc/anim/4K/atom.png
atomiswave,default,https://raw.githubusercontent.com/CkauNui/ckau-book-addons-Colorful-4K-Images/main/ckau-book-addons/_inc/anim/4K/atomiswave.png
auto-action,default,https://raw.githubusercontent.com/CkauNui/ckau-book-addons-Colorful-4K-Images/main/ckau-book-addons/_inc/anim/4K/auto-action.png
auto-adventure,default,https://raw.githubusercontent.com/CkauNui/ckau-book-addons-Colorful-4K-Images/main/ckau-book-addons/_inc/anim/4K/auto-adventure.png
auto-allgames,default,https://raw.githubusercontent.com/CkauNui/ckau-book-addons-Colorful-4K-Images/main/ckau-book-addons/_inc/anim/4K/auto-allgames.png
auto-at2players,default,https://raw.githubusercontent.com/CkauNui/ckau-book-addons-Colorful-4K-Images/main/ckau-book-addons/_inc/anim/4K/auto-at2players.png
auto-at4players,default,https://raw.githubusercontent.com/CkauNui/ckau-book-addons-Colorful-4K-Images/main/ckau-book-addons/_inc/anim/4K/auto-at4players.png
auto-beatemup,default,https://raw.githubusercontent.com/CkauNui/ckau-book-addons-Colorful-4K-Images/main/ckau-book-addons/_inc/anim/4K/auto-beatemup.png
auto-fight,default,https://raw.githubusercontent.com/CkauNui/ckau-book-addons-Colorful-4K-Images/main/ckau-book-addons/_inc/anim/4K/auto-fight.png
auto-fix,default,https://raw.githubusercontent.com/CkauNui/ckau-book-addons-Colorful-4K-Images/main/ckau-book-addons/_inc/anim/4K/auto-fix.png
auto-huntingandfishing,default,https://raw.githubusercontent.com/CkauNui/ckau-book-addons-Colorful-4K-Images/main/ckau-book-addons/_inc/anim/4K/auto-huntingandfishing.png
auto-platform,default,https://raw.githubusercontent.com/CkauNui/ckau-book-addons-Colorful-4K-Images/main/ckau-book-addons/_inc/anim/4K/auto-platform.png
auto-playingcards,default,https://raw.githubusercontent.com/CkauNui/ckau-book-addons-Colorful-4K-Images/main/ckau-book-addons/_inc/anim/4K/auto-playingcards.png
auto-puzzle,default,https://raw.githubusercontent.com/CkauNui/ckau-book-addons-Colorful-4K-Images/main/ckau-book-addons/_inc/anim/4K/auto-puzzle.png
auto-quiz,default,https://raw.githubusercontent.com/CkauNui/ckau-book-addons-Colorful-4K-Images/main/ckau-book-addons/_inc/anim/4K/auto-quiz.png
auto-racedriving,default,https://raw.githubusercontent.com/CkauNui/ckau-book-addons-Colorful-4K-Images/main/ckau-book-addons/_inc/anim/4K/auto-racedriving.png
auto-reflection,default,https://raw.githubusercontent.com/CkauNui/ckau-book-addons-Colorful-4K-Images/main/ckau-book-addons/_inc/anim/4K/auto-reflection.png
auto-retroachievements,default,https://raw.githubusercontent.com/CkauNui/ckau-book-addons-Colorful-4K-Images/main/ckau-book-addons/_inc/anim/4K/auto-retroachievements.png
auto-roleplayings,default,https://raw.githubusercontent.com/CkauNui/ckau-book-addons-Colorful-4K-Images/main/ckau-book-addons/_inc/anim/4K/auto-roleplayings.png
auto-runandgun,default,https://raw.githubusercontent.com/CkauNui/ckau-book-addons-Colorful-4K-Images/main/ckau-book-addons/_inc/anim/4K/auto-runandgun.png
auto-shootemup,default,https://raw.githubusercontent.com/CkauNui/ckau-book-addons-Colorful-4K-Images/main/ckau-book-addons/_inc/anim/4K/auto-shootemup.png
auto-shooter,default,https://raw.githubusercontent.com/CkauNui/ckau-book-addons-Colorful-4K-Images/main/ckau-book-addons/_inc/anim/4K/auto-shooter.png
auto-sports,default,https://raw.githubusercontent.com/CkauNui/ckau-book-addons-Colorful-4K-Images/main/ckau-book-addons/_inc/anim/4K/auto-sports.png
auto-sportswithanimals,default,https://raw.githubusercontent.com/CkauNui/ckau-book-addons-Colorful-4K-Images/main/ckau-book-addons/_inc/anim/4K/auto-sportswithanimals.png
auto-strategy,default,https://raw.githubusercontent.com/CkauNui/ckau-book-addons-Colorful-4K-Images/main/ckau-book-addons/_inc/anim/4K/auto-strategy.png
auto-trackball,default,https://raw.githubusercontent.com/CkauNui/ckau-book-addons-Colorful-4K-Images/main/ckau-book-addons/_inc/anim/4K/auto-trackball.png
auto-verticalarcade,default,https://raw.githubusercontent.com/CkauNui/ckau-book-addons-Colorful-4K-Images/main/ckau-book-addons/_inc/anim/4K/auto-verticalarcade.png
auto-wheel,default,https://raw.githubusercontent.com/CkauNui/ckau-book-addons-Colorful-4K-Images/main/ckau-book-addons/_inc/anim/4K/auto-wheel.png
avgn,default,https://raw.githubusercontent.com/CkauNui/ckau-book-addons-Colorful-4K-Images/main/ckau-book-addons/_inc/anim/4K/avgn.png
batocera,default,https://raw.githubusercontent.com/CkauNui/ckau-book-addons-Colorful-4K-Images/main/ckau-book-addons/_inc/anim/4K/batocera.png
batoparrot,default,https://raw.githubusercontent.com/CkauNui/ckau-book-addons-Colorful-4K-Images/main/ckau-book-addons/_inc/anim/4K/batoparrot.png
bbcmicro,default,https://raw.githubusercontent.com/CkauNui/ckau-book-addons-Colorful-4K-Images/main/ckau-book-addons/_inc/anim/4K/bbcmicro.png
beena,default,https://raw.githubusercontent.com/CkauNui/ckau-book-addons-Colorful-4K-Images/main/ckau-book-addons/_inc/anim/4K/beena.png
bk001001,default,https://raw.githubusercontent.com/CkauNui/ckau-book-addons-Colorful-4K-Images/main/ckau-book-addons/_inc/anim/4K/bk001001.png
bml3,default,https://raw.githubusercontent.com/CkauNui/ckau-book-addons-Colorful-4K-Images/main/ckau-book-addons/_inc/anim/4K/bml3.png
boom3,default,https://raw.githubusercontent.com/CkauNui/ckau-book-addons-Colorful-4K-Images/main/ckau-book-addons/_inc/anim/4K/boom3.png
bstone,default,https://raw.githubusercontent.com/CkauNui/ckau-book-addons-Colorful-4K-Images/main/ckau-book-addons/_inc/anim/4K/bstone.png
bubble,default,https://raw.githubusercontent.com/CkauNui/ckau-book-addons-Colorful-4K-Images/main/ckau-book-addons/_inc/anim/4K/bubble.png
c128,default,https://raw.githubusercontent.com/CkauNui/ckau-book-addons-Colorful-4K-Images/main/ckau-book-addons/_inc/anim/4K/c128.png
c16,default,https://raw.githubusercontent.com/CkauNui/ckau-book-addons-Colorful-4K-Images/main/ckau-book-addons/_inc/anim/4K/c16.png
c20,default,https://raw.githubusercontent.com/CkauNui/ckau-book-addons-Colorful-4K-Images/main/ckau-book-addons/_inc/anim/4K/c20.png
c64,default,https://raw.githubusercontent.com/CkauNui/ckau-book-addons-Colorful-4K-Images/main/ckau-book-addons/_inc/anim/4K/c64.png
c64gs,default,https://raw.githubusercontent.com/CkauNui/ckau-book-addons-Colorful-4K-Images/main/ckau-book-addons/_inc/anim/4K/c64gs.png
camplynx,default,https://raw.githubusercontent.com/CkauNui/ckau-book-addons-Colorful-4K-Images/main/ckau-book-addons/_inc/anim/4K/camplynx.png
cannonball,default,https://raw.githubusercontent.com/CkauNui/ckau-book-addons-Colorful-4K-Images/main/ckau-book-addons/_inc/anim/4K/cannonball.png
capcom,default,https://raw.githubusercontent.com/CkauNui/ckau-book-addons-Colorful-4K-Images/main/ckau-book-addons/_inc/anim/4K/capcom.png
captpower,default,https://raw.githubusercontent.com/CkauNui/ckau-book-addons-Colorful-4K-Images/main/ckau-book-addons/_inc/anim/4K/captpower.png
catacombgl,default,https://raw.githubusercontent.com/CkauNui/ckau-book-addons-Colorful-4K-Images/main/ckau-book-addons/_inc/anim/4K/catacombgl.png
cave,default,https://raw.githubusercontent.com/CkauNui/ckau-book-addons-Colorful-4K-Images/main/ckau-book-addons/_inc/anim/4K/cave.png
cavestory,default,https://raw.githubusercontent.com/CkauNui/ckau-book-addons-Colorful-4K-Images/main/ckau-book-addons/_inc/anim/4K/cavestory.png
cbm2,default,https://raw.githubusercontent.com/CkauNui/ckau-book-addons-Colorful-4K-Images/main/ckau-book-addons/_inc/anim/4K/cbm2.png
cdi,default,https://raw.githubusercontent.com/CkauNui/ckau-book-addons-Colorful-4K-Images/main/ckau-book-addons/_inc/anim/4K/cdi.png
cdogs,default,https://raw.githubusercontent.com/CkauNui/ckau-book-addons-Colorful-4K-Images/main/ckau-book-addons/_inc/anim/4K/cdogs.png
cgenie,default,https://raw.githubusercontent.com/CkauNui/ckau-book-addons-Colorful-4K-Images/main/ckau-book-addons/_inc/anim/4K/cgenie.png
cgenius,default,https://raw.githubusercontent.com/CkauNui/ckau-book-addons-Colorful-4K-Images/main/ckau-book-addons/_inc/anim/4K/cgenius.png
channelf,default,https://raw.githubusercontent.com/CkauNui/ckau-book-addons-Colorful-4K-Images/main/ckau-book-addons/_inc/anim/4K/channelf.png
chihiro,default,https://raw.githubusercontent.com/CkauNui/ckau-book-addons-Colorful-4K-Images/main/ckau-book-addons/_inc/anim/4K/chihiro.png
classic,default,https://raw.githubusercontent.com/CkauNui/ckau-book-addons-Colorful-4K-Images/main/ckau-book-addons/_inc/anim/4K/classic.png
clonehero,default,https://raw.githubusercontent.com/CkauNui/ckau-book-addons-Colorful-4K-Images/main/ckau-book-addons/_inc/anim/4K/clonehero.png
coco,default,https://raw.githubusercontent.com/CkauNui/ckau-book-addons-Colorful-4K-Images/main/ckau-book-addons/_inc/anim/4K/coco.png
col-fallout,default,https://raw.githubusercontent.com/CkauNui/ckau-book-addons-Colorful-4K-Images/main/ckau-book-addons/_inc/anim/4K/col-fallout.png
colecovision,default,https://raw.githubusercontent.com/CkauNui/ckau-book-addons-Colorful-4K-Images/main/ckau-book-addons/_inc/anim/4K/colecovision.png
commanderx16,default,https://raw.githubusercontent.com/CkauNui/ckau-book-addons-Colorful-4K-Images/main/ckau-book-addons/_inc/anim/4K/commanderx16.png
corsixth,default,https://raw.githubusercontent.com/CkauNui/ckau-book-addons-Colorful-4K-Images/main/ckau-book-addons/_inc/anim/4K/corsixth.png
cpc464p,default,https://raw.githubusercontent.com/CkauNui/ckau-book-addons-Colorful-4K-Images/main/ckau-book-addons/_inc/anim/4K/cpc464p.png
cplus4,default,https://raw.githubusercontent.com/CkauNui/ckau-book-addons-Colorful-4K-Images/main/ckau-book-addons/_inc/anim/4K/cplus4.png
cps1,default,https://raw.githubusercontent.com/CkauNui/ckau-book-addons-Colorful-4K-Images/main/ckau-book-addons/_inc/anim/4K/cps1.png
cps2,default,https://raw.githubusercontent.com/CkauNui/ckau-book-addons-Colorful-4K-Images/main/ckau-book-addons/_inc/anim/4K/cps2.png
cps3,default,https://raw.githubusercontent.com/CkauNui/ckau-book-addons-Colorful-4K-Images/main/ckau-book-addons/_inc/anim/4K/cps3.png
crvision,default,https://raw.githubusercontent.com/CkauNui/ckau-book-addons-Colorful-4K-Images/main/ckau-book-addons/_inc/anim/4K/crvision.png
custom-coll-fix,default,https://raw.githubusercontent.com/CkauNui/ckau-book-addons-Colorful-4K-Images/main/ckau-book-addons/_inc/anim/4K/custom-coll-fix.png
custom-collections,default,https://raw.githubusercontent.com/CkauNui/ckau-book-addons-Colorful-4K-Images/main/ckau-book-addons/_inc/anim/4K/custom-collections.png
daphne,default,https://raw.githubusercontent.com/CkauNui/ckau-book-addons-Colorful-4K-Images/main/ckau-book-addons/_inc/anim/4K/daphne.png
darkforce,default,https://raw.githubusercontent.com/CkauNui/ckau-book-addons-Colorful-4K-Images/main/ckau-book-addons/_inc/anim/4K/darkforce.png
datach,default,https://raw.githubusercontent.com/CkauNui/ckau-book-addons-Colorful-4K-Images/main/ckau-book-addons/_inc/anim/4K/datach.png
dataeast,default,https://raw.githubusercontent.com/CkauNui/ckau-book-addons-Colorful-4K-Images/main/ckau-book-addons/_inc/anim/4K/dataeast.png
dendy,default,https://raw.githubusercontent.com/CkauNui/ckau-book-addons-Colorful-4K-Images/main/ckau-book-addons/_inc/anim/4K/dendy.png
devilutionx,default,https://raw.githubusercontent.com/CkauNui/ckau-book-addons-Colorful-4K-Images/main/ckau-book-addons/_inc/anim/4K/devilutionx.png
digiblst,default,https://raw.githubusercontent.com/CkauNui/ckau-book-addons-Colorful-4K-Images/main/ckau-book-addons/_inc/anim/4K/digiblst.png
dinothawr,default,https://raw.githubusercontent.com/CkauNui/ckau-book-addons-Colorful-4K-Images/main/ckau-book-addons/_inc/anim/4K/dinothawr.png
dragon32,default,https://raw.githubusercontent.com/CkauNui/ckau-book-addons-Colorful-4K-Images/main/ckau-book-addons/_inc/anim/4K/dragon32.png
dreamcast-jp,default,https://raw.githubusercontent.com/CkauNui/ckau-book-addons-Colorful-4K-Images/main/ckau-book-addons/_inc/anim/4K/dreamcast-jp.png
dreamcast,default,https://raw.githubusercontent.com/CkauNui/ckau-book-addons-Colorful-4K-Images/main/ckau-book-addons/_inc/anim/4K/dreamcast.png
dxx-rebirth,default,https://raw.githubusercontent.com/CkauNui/ckau-book-addons-Colorful-4K-Images/main/ckau-book-addons/_inc/anim/4K/dxx-rebirth.png
easyrpg,default,https://raw.githubusercontent.com/CkauNui/ckau-book-addons-Colorful-4K-Images/main/ckau-book-addons/_inc/anim/4K/easyrpg.png
ecwolf,default,https://raw.githubusercontent.com/CkauNui/ckau-book-addons-Colorful-4K-Images/main/ckau-book-addons/_inc/anim/4K/ecwolf.png
eduke32,default,https://raw.githubusercontent.com/CkauNui/ckau-book-addons-Colorful-4K-Images/main/ckau-book-addons/_inc/anim/4K/eduke32.png
electron,default,https://raw.githubusercontent.com/CkauNui/ckau-book-addons-Colorful-4K-Images/main/ckau-book-addons/_inc/anim/4K/electron.png
elektronika,default,https://raw.githubusercontent.com/CkauNui/ckau-book-addons-Colorful-4K-Images/main/ckau-book-addons/_inc/anim/4K/elektronika.png
ep128,default,https://raw.githubusercontent.com/CkauNui/ckau-book-addons-Colorful-4K-Images/main/ckau-book-addons/_inc/anim/4K/ep128.png
etlegacy,default,https://raw.githubusercontent.com/CkauNui/ckau-book-addons-Colorful-4K-Images/main/ckau-book-addons/_inc/anim/4K/etlegacy.png
exaarcadia,default,https://raw.githubusercontent.com/CkauNui/ckau-book-addons-Colorful-4K-Images/main/ckau-book-addons/_inc/anim/4K/exaarcadia.png
exboard,default,https://raw.githubusercontent.com/CkauNui/ckau-book-addons-Colorful-4K-Images/main/ckau-book-addons/_inc/anim/4K/exboard.png
exl100,default,https://raw.githubusercontent.com/CkauNui/ckau-book-addons-Colorful-4K-Images/main/ckau-book-addons/_inc/anim/4K/exl100.png
fallout-ce,default,https://raw.githubusercontent.com/CkauNui/ckau-book-addons-Colorful-4K-Images/main/ckau-book-addons/_inc/anim/4K/fallout-ce.png
famicom,default,https://raw.githubusercontent.com/CkauNui/ckau-book-addons-Colorful-4K-Images/main/ckau-book-addons/_inc/anim/4K/famicom.png
fangames,default,https://raw.githubusercontent.com/CkauNui/ckau-book-addons-Colorful-4K-Images/main/ckau-book-addons/_inc/anim/4K/fangames.png
fbneo,default,https://raw.githubusercontent.com/CkauNui/ckau-book-addons-Colorful-4K-Images/main/ckau-book-addons/_inc/anim/4K/fbneo.png
fds,default,https://raw.githubusercontent.com/CkauNui/ckau-book-addons-Colorful-4K-Images/main/ckau-book-addons/_inc/anim/4K/fds.png
fightcade,default,https://raw.githubusercontent.com/CkauNui/ckau-book-addons-Colorful-4K-Images/main/ckau-book-addons/_inc/anim/4K/fightcade.png
flash,default,https://raw.githubusercontent.com/CkauNui/ckau-book-addons-Colorful-4K-Images/main/ckau-book-addons/_inc/anim/4K/flash.png
flatpak,default,https://raw.githubusercontent.com/CkauNui/ckau-book-addons-Colorful-4K-Images/main/ckau-book-addons/_inc/anim/4K/flatpak.png
fm7,default,https://raw.githubusercontent.com/CkauNui/ckau-book-addons-Colorful-4K-Images/main/ckau-book-addons/_inc/anim/4K/fm7.png
fmtowns,default,https://raw.githubusercontent.com/CkauNui/ckau-book-addons-Colorful-4K-Images/main/ckau-book-addons/_inc/anim/4K/fmtowns.png
fpinball,default,https://raw.githubusercontent.com/CkauNui/ckau-book-addons-Colorful-4K-Images/main/ckau-book-addons/_inc/anim/4K/fpinball.png
fury,default,https://raw.githubusercontent.com/CkauNui/ckau-book-addons-Colorful-4K-Images/main/ckau-book-addons/_inc/anim/4K/fury.png
gaelco,default,https://raw.githubusercontent.com/CkauNui/ckau-book-addons-Colorful-4K-Images/main/ckau-book-addons/_inc/anim/4K/gaelco.png
galaxy,default,https://raw.githubusercontent.com/CkauNui/ckau-book-addons-Colorful-4K-Images/main/ckau-book-addons/_inc/anim/4K/galaxy.png
gamate,default,https://raw.githubusercontent.com/CkauNui/ckau-book-addons-Colorful-4K-Images/main/ckau-book-addons/_inc/anim/4K/gamate.png
gameandwatch,default,https://raw.githubusercontent.com/CkauNui/ckau-book-addons-Colorful-4K-Images/main/ckau-book-addons/_inc/anim/4K/gameandwatch.png
gamecom,default,https://raw.githubusercontent.com/CkauNui/ckau-book-addons-Colorful-4K-Images/main/ckau-book-addons/_inc/anim/4K/gamecom.png
gamegear,default,https://raw.githubusercontent.com/CkauNui/ckau-book-addons-Colorful-4K-Images/main/ckau-book-addons/_inc/anim/4K/gamegear.png
gameking3,default,https://raw.githubusercontent.com/CkauNui/ckau-book-addons-Colorful-4K-Images/main/ckau-book-addons/_inc/anim/4K/gameking3.png
gamepock,default,https://raw.githubusercontent.com/CkauNui/ckau-book-addons-Colorful-4K-Images/main/ckau-book-addons/_inc/anim/4K/gamepock.png
gamewave,default,https://raw.githubusercontent.com/CkauNui/ckau-book-addons-Colorful-4K-Images/main/ckau-book-addons/_inc/anim/4K/gamewave.png
gb-msu,default,https://raw.githubusercontent.com/CkauNui/ckau-book-addons-Colorful-4K-Images/main/ckau-book-addons/_inc/anim/4K/gb-msu.png
gb,default,https://raw.githubusercontent.com/CkauNui/ckau-book-addons-Colorful-4K-Images/main/ckau-book-addons/_inc/anim/4K/gb.png
gb2players,default,https://raw.githubusercontent.com/CkauNui/ckau-book-addons-Colorful-4K-Images/main/ckau-book-addons/_inc/anim/4K/gb2players.png
gb_top,default,https://raw.githubusercontent.com/CkauNui/ckau-book-addons-Colorful-4K-Images/main/ckau-book-addons/_inc/anim/4K/gb_top.png
gba,default,https://raw.githubusercontent.com/CkauNui/ckau-book-addons-Colorful-4K-Images/main/ckau-book-addons/_inc/anim/4K/gba.png
gba2players,default,https://raw.githubusercontent.com/CkauNui/ckau-book-addons-Colorful-4K-Images/main/ckau-book-addons/_inc/anim/4K/gba2players.png
gbc,default,https://raw.githubusercontent.com/CkauNui/ckau-book-addons-Colorful-4K-Images/main/ckau-book-addons/_inc/anim/4K/gbc.png
gbc2players,default,https://raw.githubusercontent.com/CkauNui/ckau-book-addons-Colorful-4K-Images/main/ckau-book-addons/_inc/anim/4K/gbc2players.png
gc-jp,default,https://raw.githubusercontent.com/CkauNui/ckau-book-addons-Colorful-4K-Images/main/ckau-book-addons/_inc/anim/4K/gc-jp.png
gc,default,https://raw.githubusercontent.com/CkauNui/ckau-book-addons-Colorful-4K-Images/main/ckau-book-addons/_inc/anim/4K/gc.png
gemrb,default,https://raw.githubusercontent.com/CkauNui/ckau-book-addons-Colorful-4K-Images/main/ckau-book-addons/_inc/anim/4K/gemrb.png
genesis,default,https://raw.githubusercontent.com/CkauNui/ckau-book-addons-Colorful-4K-Images/main/ckau-book-addons/_inc/anim/4K/genesis.png
gmaster,default,https://raw.githubusercontent.com/CkauNui/ckau-book-addons-Colorful-4K-Images/main/ckau-book-addons/_inc/anim/4K/gmaster.png
gog,default,https://raw.githubusercontent.com/CkauNui/ckau-book-addons-Colorful-4K-Images/main/ckau-book-addons/_inc/anim/4K/gog.png
gong,default,https://raw.githubusercontent.com/CkauNui/ckau-book-addons-Colorful-4K-Images/main/ckau-book-addons/_inc/anim/4K/gong.png
gp32,default,https://raw.githubusercontent.com/CkauNui/ckau-book-addons-Colorful-4K-Images/main/ckau-book-addons/_inc/anim/4K/gp32.png
gx4000,default,https://raw.githubusercontent.com/CkauNui/ckau-book-addons-Colorful-4K-Images/main/ckau-book-addons/_inc/anim/4K/gx4000.png
gzdoom,default,https://raw.githubusercontent.com/CkauNui/ckau-book-addons-Colorful-4K-Images/main/ckau-book-addons/_inc/anim/4K/gzdoom.png
hbmame,default,https://raw.githubusercontent.com/CkauNui/ckau-book-addons-Colorful-4K-Images/main/ckau-book-addons/_inc/anim/4K/hbmame.png
hcl,default,https://raw.githubusercontent.com/CkauNui/ckau-book-addons-Colorful-4K-Images/main/ckau-book-addons/_inc/anim/4K/hcl.png
hec2hr,default,https://raw.githubusercontent.com/CkauNui/ckau-book-addons-Colorful-4K-Images/main/ckau-book-addons/_inc/anim/4K/hec2hr.png
hikaru,default,https://raw.githubusercontent.com/CkauNui/ckau-book-addons-Colorful-4K-Images/main/ckau-book-addons/_inc/anim/4K/hikaru.png
hurrican,default,https://raw.githubusercontent.com/CkauNui/ckau-book-addons-Colorful-4K-Images/main/ckau-book-addons/_inc/anim/4K/hurrican.png
hyperscan,default,https://raw.githubusercontent.com/CkauNui/ckau-book-addons-Colorful-4K-Images/main/ckau-book-addons/_inc/anim/4K/hyperscan.png
ibmpcjr,default,https://raw.githubusercontent.com/CkauNui/ckau-book-addons-Colorful-4K-Images/main/ckau-book-addons/_inc/anim/4K/ibmpcjr.png
igspgm,default,https://raw.githubusercontent.com/CkauNui/ckau-book-addons-Colorful-4K-Images/main/ckau-book-addons/_inc/anim/4K/igspgm.png
igtslots,default,https://raw.githubusercontent.com/CkauNui/ckau-book-addons-Colorful-4K-Images/main/ckau-book-addons/_inc/anim/4K/igtslots.png
ikemen,default,https://raw.githubusercontent.com/CkauNui/ckau-book-addons-Colorful-4K-Images/main/ckau-book-addons/_inc/anim/4K/ikemen.png
imageviewer,default,https://raw.githubusercontent.com/CkauNui/ckau-book-addons-Colorful-4K-Images/main/ckau-book-addons/_inc/anim/4K/imageviewer.png
intellivision,default,https://raw.githubusercontent.com/CkauNui/ckau-book-addons-Colorful-4K-Images/main/ckau-book-addons/_inc/anim/4K/intellivision.png
ioquake3,default,https://raw.githubusercontent.com/CkauNui/ckau-book-addons-Colorful-4K-Images/main/ckau-book-addons/_inc/anim/4K/ioquake3.png
iortcw,default,https://raw.githubusercontent.com/CkauNui/ckau-book-addons-Colorful-4K-Images/main/ckau-book-addons/_inc/anim/4K/iortcw.png
iqueplayer,default,https://raw.githubusercontent.com/CkauNui/ckau-book-addons-Colorful-4K-Images/main/ckau-book-addons/_inc/anim/4K/iqueplayer.png
irem,default,https://raw.githubusercontent.com/CkauNui/ckau-book-addons-Colorful-4K-Images/main/ckau-book-addons/_inc/anim/4K/irem.png
j2me,default,https://raw.githubusercontent.com/CkauNui/ckau-book-addons-Colorful-4K-Images/main/ckau-book-addons/_inc/anim/4K/j2me.png
jupace,default,https://raw.githubusercontent.com/CkauNui/ckau-book-addons-Colorful-4K-Images/main/ckau-book-addons/_inc/anim/4K/jupace.png
karaoke,default,https://raw.githubusercontent.com/CkauNui/ckau-book-addons-Colorful-4K-Images/main/ckau-book-addons/_inc/anim/4K/karaoke.png
kodi,default,https://raw.githubusercontent.com/CkauNui/ckau-book-addons-Colorful-4K-Images/main/ckau-book-addons/_inc/anim/4K/kodi.png
konami,default,https://raw.githubusercontent.com/CkauNui/ckau-book-addons-Colorful-4K-Images/main/ckau-book-addons/_inc/anim/4K/konami.png
konamilcd,default,https://raw.githubusercontent.com/CkauNui/ckau-book-addons-Colorful-4K-Images/main/ckau-book-addons/_inc/anim/4K/konamilcd.png
konamipc,default,https://raw.githubusercontent.com/CkauNui/ckau-book-addons-Colorful-4K-Images/main/ckau-book-addons/_inc/anim/4K/konamipc.png
laser310,default,https://raw.githubusercontent.com/CkauNui/ckau-book-addons-Colorful-4K-Images/main/ckau-book-addons/_inc/anim/4K/laser310.png
laseractive,default,https://raw.githubusercontent.com/CkauNui/ckau-book-addons-Colorful-4K-Images/main/ckau-book-addons/_inc/anim/4K/laseractive.png
lcdgames,default,https://raw.githubusercontent.com/CkauNui/ckau-book-addons-Colorful-4K-Images/main/ckau-book-addons/_inc/anim/4K/lcdgames.png
library,default,https://raw.githubusercontent.com/CkauNui/ckau-book-addons-Colorful-4K-Images/main/ckau-book-addons/_inc/anim/4K/library.png
lightgun,default,https://raw.githubusercontent.com/CkauNui/ckau-book-addons-Colorful-4K-Images/main/ckau-book-addons/_inc/anim/4K/lightgun.png
lindbergh,default,https://raw.githubusercontent.com/CkauNui/ckau-book-addons-Colorful-4K-Images/main/ckau-book-addons/_inc/anim/4K/lindbergh.png
locomalito,default,https://raw.githubusercontent.com/CkauNui/ckau-book-addons-Colorful-4K-Images/main/ckau-book-addons/_inc/anim/4K/locomalito.png
loopy,default,https://raw.githubusercontent.com/CkauNui/ckau-book-addons-Colorful-4K-Images/main/ckau-book-addons/_inc/anim/4K/loopy.png
love,default,https://raw.githubusercontent.com/CkauNui/ckau-book-addons-Colorful-4K-Images/main/ckau-book-addons/_inc/anim/4K/love.png
lowresnx,default,https://raw.githubusercontent.com/CkauNui/ckau-book-addons-Colorful-4K-Images/main/ckau-book-addons/_inc/anim/4K/lowresnx.png
lutro,default,https://raw.githubusercontent.com/CkauNui/ckau-book-addons-Colorful-4K-Images/main/ckau-book-addons/_inc/anim/4K/lutro.png
m21,default,https://raw.githubusercontent.com/CkauNui/ckau-book-addons-Colorful-4K-Images/main/ckau-book-addons/_inc/anim/4K/m21.png
m5,default,https://raw.githubusercontent.com/CkauNui/ckau-book-addons-Colorful-4K-Images/main/ckau-book-addons/_inc/anim/4K/m5.png
macintosh,default,https://raw.githubusercontent.com/CkauNui/ckau-book-addons-Colorful-4K-Images/main/ckau-book-addons/_inc/anim/4K/macintosh.png
makecode,default,https://raw.githubusercontent.com/CkauNui/ckau-book-addons-Colorful-4K-Images/main/ckau-book-addons/_inc/anim/4K/makecode.png
mame,default,https://raw.githubusercontent.com/CkauNui/ckau-book-addons-Colorful-4K-Images/main/ckau-book-addons/_inc/anim/4K/mame.png
mark3,default,https://raw.githubusercontent.com/CkauNui/ckau-book-addons-Colorful-4K-Images/main/ckau-book-addons/_inc/anim/4K/mark3.png
mastersystem,default,https://raw.githubusercontent.com/CkauNui/ckau-book-addons-Colorful-4K-Images/main/ckau-book-addons/_inc/anim/4K/mastersystem.png
max,default,https://raw.githubusercontent.com/CkauNui/ckau-book-addons-Colorful-4K-Images/main/ckau-book-addons/_inc/anim/4K/max.png
mbee,default,https://raw.githubusercontent.com/CkauNui/ckau-book-addons-Colorful-4K-Images/main/ckau-book-addons/_inc/anim/4K/mbee.png
megacd,default,https://raw.githubusercontent.com/CkauNui/ckau-book-addons-Colorful-4K-Images/main/ckau-book-addons/_inc/anim/4K/megacd.png
megacd32x,default,https://raw.githubusercontent.com/CkauNui/ckau-book-addons-Colorful-4K-Images/main/ckau-book-addons/_inc/anim/4K/megacd32x.png
megadrive-jp,default,https://raw.githubusercontent.com/CkauNui/ckau-book-addons-Colorful-4K-Images/main/ckau-book-addons/_inc/anim/4K/megadrive-jp.png
megadrive,default,https://raw.githubusercontent.com/CkauNui/ckau-book-addons-Colorful-4K-Images/main/ckau-book-addons/_inc/anim/4K/megadrive.png
megadrive_top,default,https://raw.githubusercontent.com/CkauNui/ckau-book-addons-Colorful-4K-Images/main/ckau-book-addons/_inc/anim/4K/megadrive_top.png
megaduck,default,https://raw.githubusercontent.com/CkauNui/ckau-book-addons-Colorful-4K-Images/main/ckau-book-addons/_inc/anim/4K/megaduck.png
microvsn,default,https://raw.githubusercontent.com/CkauNui/ckau-book-addons-Colorful-4K-Images/main/ckau-book-addons/_inc/anim/4K/microvsn.png
midway,default,https://raw.githubusercontent.com/CkauNui/ckau-book-addons-Colorful-4K-Images/main/ckau-book-addons/_inc/anim/4K/midway.png
model1,default,https://raw.githubusercontent.com/CkauNui/ckau-book-addons-Colorful-4K-Images/main/ckau-book-addons/_inc/anim/4K/model1.png
model2,default,https://raw.githubusercontent.com/CkauNui/ckau-book-addons-Colorful-4K-Images/main/ckau-book-addons/_inc/anim/4K/model2.png
model3,default,https://raw.githubusercontent.com/CkauNui/ckau-book-addons-Colorful-4K-Images/main/ckau-book-addons/_inc/anim/4K/model3.png
mononcol,default,https://raw.githubusercontent.com/CkauNui/ckau-book-addons-Colorful-4K-Images/main/ckau-book-addons/_inc/anim/4K/mononcol.png
moonlight,default,https://raw.githubusercontent.com/CkauNui/ckau-book-addons-Colorful-4K-Images/main/ckau-book-addons/_inc/anim/4K/moonlight.png
mplayer,default,https://raw.githubusercontent.com/CkauNui/ckau-book-addons-Colorful-4K-Images/main/ckau-book-addons/_inc/anim/4K/mplayer.png
mpu1000,default,https://raw.githubusercontent.com/CkauNui/ckau-book-addons-Colorful-4K-Images/main/ckau-book-addons/_inc/anim/4K/mpu1000.png
mrboom,default,https://raw.githubusercontent.com/CkauNui/ckau-book-addons-Colorful-4K-Images/main/ckau-book-addons/_inc/anim/4K/mrboom.png
msu-md,default,https://raw.githubusercontent.com/CkauNui/ckau-book-addons-Colorful-4K-Images/main/ckau-book-addons/_inc/anim/4K/msu-md.png
msx,default,https://raw.githubusercontent.com/CkauNui/ckau-book-addons-Colorful-4K-Images/main/ckau-book-addons/_inc/anim/4K/msx.png
msx2+,default,https://raw.githubusercontent.com/CkauNui/ckau-book-addons-Colorful-4K-Images/main/ckau-book-addons/_inc/anim/4K/msx2%2B.png
msx2,default,https://raw.githubusercontent.com/CkauNui/ckau-book-addons-Colorful-4K-Images/main/ckau-book-addons/_inc/anim/4K/msx2.png
msxlaserdisk,default,https://raw.githubusercontent.com/CkauNui/ckau-book-addons-Colorful-4K-Images/main/ckau-book-addons/_inc/anim/4K/msxlaserdisk.png
msxturbor,default,https://raw.githubusercontent.com/CkauNui/ckau-book-addons-Colorful-4K-Images/main/ckau-book-addons/_inc/anim/4K/msxturbor.png
mtx512,default,https://raw.githubusercontent.com/CkauNui/ckau-book-addons-Colorful-4K-Images/main/ckau-book-addons/_inc/anim/4K/mtx512.png
mugen,default,https://raw.githubusercontent.com/CkauNui/ckau-book-addons-Colorful-4K-Images/main/ckau-book-addons/_inc/anim/4K/mugen.png
multivision,default,https://raw.githubusercontent.com/CkauNui/ckau-book-addons-Colorful-4K-Images/main/ckau-book-addons/_inc/anim/4K/multivision.png
myvision,default,https://raw.githubusercontent.com/CkauNui/ckau-book-addons-Colorful-4K-Images/main/ckau-book-addons/_inc/anim/4K/myvision.png
mz2500,default,https://raw.githubusercontent.com/CkauNui/ckau-book-addons-Colorful-4K-Images/main/ckau-book-addons/_inc/anim/4K/mz2500.png
n501,default,https://raw.githubusercontent.com/CkauNui/ckau-book-addons-Colorful-4K-Images/main/ckau-book-addons/_inc/anim/4K/n501.png
n64-jp,default,https://raw.githubusercontent.com/CkauNui/ckau-book-addons-Colorful-4K-Images/main/ckau-book-addons/_inc/anim/4K/n64-jp.png
n64,default,https://raw.githubusercontent.com/CkauNui/ckau-book-addons-Colorful-4K-Images/main/ckau-book-addons/_inc/anim/4K/n64.png
n64dd,default,https://raw.githubusercontent.com/CkauNui/ckau-book-addons-Colorful-4K-Images/main/ckau-book-addons/_inc/anim/4K/n64dd.png
namco,default,https://raw.githubusercontent.com/CkauNui/ckau-book-addons-Colorful-4K-Images/main/ckau-book-addons/_inc/anim/4K/namco.png
namco11,default,https://raw.githubusercontent.com/CkauNui/ckau-book-addons-Colorful-4K-Images/main/ckau-book-addons/_inc/anim/4K/namco11.png
namco12,default,https://raw.githubusercontent.com/CkauNui/ckau-book-addons-Colorful-4K-Images/main/ckau-book-addons/_inc/anim/4K/namco12.png
namco22,default,https://raw.githubusercontent.com/CkauNui/ckau-book-addons-Colorful-4K-Images/main/ckau-book-addons/_inc/anim/4K/namco22.png
namco2x6,default,https://raw.githubusercontent.com/CkauNui/ckau-book-addons-Colorful-4K-Images/main/ckau-book-addons/_inc/anim/4K/namco2x6.png
namcoes3,default,https://raw.githubusercontent.com/CkauNui/ckau-book-addons-Colorful-4K-Images/main/ckau-book-addons/_inc/anim/4K/namcoes3.png
naomi,default,https://raw.githubusercontent.com/CkauNui/ckau-book-addons-Colorful-4K-Images/main/ckau-book-addons/_inc/anim/4K/naomi.png
naomi2,default,https://raw.githubusercontent.com/CkauNui/ckau-book-addons-Colorful-4K-Images/main/ckau-book-addons/_inc/anim/4K/naomi2.png
nds,default,https://raw.githubusercontent.com/CkauNui/ckau-book-addons-Colorful-4K-Images/main/ckau-book-addons/_inc/anim/4K/nds.png
neogeo,default,https://raw.githubusercontent.com/CkauNui/ckau-book-addons-Colorful-4K-Images/main/ckau-book-addons/_inc/anim/4K/neogeo.png
neogeo64,default,https://raw.githubusercontent.com/CkauNui/ckau-book-addons-Colorful-4K-Images/main/ckau-book-addons/_inc/anim/4K/neogeo64.png
neogeocd,default,https://raw.githubusercontent.com/CkauNui/ckau-book-addons-Colorful-4K-Images/main/ckau-book-addons/_inc/anim/4K/neogeocd.png
neogeomvs,default,https://raw.githubusercontent.com/CkauNui/ckau-book-addons-Colorful-4K-Images/main/ckau-book-addons/_inc/anim/4K/neogeomvs.png
nes-msu,default,https://raw.githubusercontent.com/CkauNui/ckau-book-addons-Colorful-4K-Images/main/ckau-book-addons/_inc/anim/4K/nes-msu.png
nes,default,https://raw.githubusercontent.com/CkauNui/ckau-book-addons-Colorful-4K-Images/main/ckau-book-addons/_inc/anim/4K/nes.png
nes_aladdin,default,https://raw.githubusercontent.com/CkauNui/ckau-book-addons-Colorful-4K-Images/main/ckau-book-addons/_inc/anim/4K/nes_aladdin.png
nes_hd,default,https://raw.githubusercontent.com/CkauNui/ckau-book-addons-Colorful-4K-Images/main/ckau-book-addons/_inc/anim/4K/nes_hd.png
nes_top,default,https://raw.githubusercontent.com/CkauNui/ckau-book-addons-Colorful-4K-Images/main/ckau-book-addons/_inc/anim/4K/nes_top.png
nesicax,default,https://raw.githubusercontent.com/CkauNui/ckau-book-addons-Colorful-4K-Images/main/ckau-book-addons/_inc/anim/4K/nesicax.png
nesicax2,default,https://raw.githubusercontent.com/CkauNui/ckau-book-addons-Colorful-4K-Images/main/ckau-book-addons/_inc/anim/4K/nesicax2.png
ngage,default,https://raw.githubusercontent.com/CkauNui/ckau-book-addons-Colorful-4K-Images/main/ckau-book-addons/_inc/anim/4K/ngage.png
ngp,default,https://raw.githubusercontent.com/CkauNui/ckau-book-addons-Colorful-4K-Images/main/ckau-book-addons/_inc/anim/4K/ngp.png
ngpc,default,https://raw.githubusercontent.com/CkauNui/ckau-book-addons-Colorful-4K-Images/main/ckau-book-addons/_inc/anim/4K/ngpc.png
nintendo,default,https://raw.githubusercontent.com/CkauNui/ckau-book-addons-Colorful-4K-Images/main/ckau-book-addons/_inc/anim/4K/nintendo.png
nomad,default,https://raw.githubusercontent.com/CkauNui/ckau-book-addons-Colorful-4K-Images/main/ckau-book-addons/_inc/anim/4K/nomad.png
odcommander,default,https://raw.githubusercontent.com/CkauNui/ckau-book-addons-Colorful-4K-Images/main/ckau-book-addons/_inc/anim/4K/odcommander.png
odyssey2,default,https://raw.githubusercontent.com/CkauNui/ckau-book-addons-Colorful-4K-Images/main/ckau-book-addons/_inc/anim/4K/odyssey2.png
ondra,default,https://raw.githubusercontent.com/CkauNui/ckau-book-addons-Colorful-4K-Images/main/ckau-book-addons/_inc/anim/4K/ondra.png
openbor,default,https://raw.githubusercontent.com/CkauNui/ckau-book-addons-Colorful-4K-Images/main/ckau-book-addons/_inc/anim/4K/openbor.png
opengoal,default,https://raw.githubusercontent.com/CkauNui/ckau-book-addons-Colorful-4K-Images/main/ckau-book-addons/_inc/anim/4K/opengoal.png
openjazz,default,https://raw.githubusercontent.com/CkauNui/ckau-book-addons-Colorful-4K-Images/main/ckau-book-addons/_inc/anim/4K/openjazz.png
openjk,default,https://raw.githubusercontent.com/CkauNui/ckau-book-addons-Colorful-4K-Images/main/ckau-book-addons/_inc/anim/4K/openjk.png
openlara,default,https://raw.githubusercontent.com/CkauNui/ckau-book-addons-Colorful-4K-Images/main/ckau-book-addons/_inc/anim/4K/openlara.png
orao,default,https://raw.githubusercontent.com/CkauNui/ckau-book-addons-Colorful-4K-Images/main/ckau-book-addons/_inc/anim/4K/orao.png
oricatmos,default,https://raw.githubusercontent.com/CkauNui/ckau-book-addons-Colorful-4K-Images/main/ckau-book-addons/_inc/anim/4K/oricatmos.png
p2000t,default,https://raw.githubusercontent.com/CkauNui/ckau-book-addons-Colorful-4K-Images/main/ckau-book-addons/_inc/anim/4K/p2000t.png
palm,default,https://raw.githubusercontent.com/CkauNui/ckau-book-addons-Colorful-4K-Images/main/ckau-book-addons/_inc/anim/4K/palm.png
pc,default,https://raw.githubusercontent.com/CkauNui/ckau-book-addons-Colorful-4K-Images/main/ckau-book-addons/_inc/anim/4K/pc.png
pc88,default,https://raw.githubusercontent.com/CkauNui/ckau-book-addons-Colorful-4K-Images/main/ckau-book-addons/_inc/anim/4K/pc88.png
pc98,default,https://raw.githubusercontent.com/CkauNui/ckau-book-addons-Colorful-4K-Images/main/ckau-book-addons/_inc/anim/4K/pc98.png
pce-cd,default,https://raw.githubusercontent.com/CkauNui/ckau-book-addons-Colorful-4K-Images/main/ckau-book-addons/_inc/anim/4K/pce-cd.png
pcengine,default,https://raw.githubusercontent.com/CkauNui/ckau-book-addons-Colorful-4K-Images/main/ckau-book-addons/_inc/anim/4K/pcengine.png
pcfx,default,https://raw.githubusercontent.com/CkauNui/ckau-book-addons-Colorful-4K-Images/main/ckau-book-addons/_inc/anim/4K/pcfx.png
pcvr,default,https://raw.githubusercontent.com/CkauNui/ckau-book-addons-Colorful-4K-Images/main/ckau-book-addons/_inc/anim/4K/pcvr.png
pdark,default,https://raw.githubusercontent.com/CkauNui/ckau-book-addons-Colorful-4K-Images/main/ckau-book-addons/_inc/anim/4K/pdark.png
pdp1,default,https://raw.githubusercontent.com/CkauNui/ckau-book-addons-Colorful-4K-Images/main/ckau-book-addons/_inc/anim/4K/pdp1.png
pecom64,default,https://raw.githubusercontent.com/CkauNui/ckau-book-addons-Colorful-4K-Images/main/ckau-book-addons/_inc/anim/4K/pecom64.png
pegasus,default,https://raw.githubusercontent.com/CkauNui/ckau-book-addons-Colorful-4K-Images/main/ckau-book-addons/_inc/anim/4K/pegasus.png
pet,default,https://raw.githubusercontent.com/CkauNui/ckau-book-addons-Colorful-4K-Images/main/ckau-book-addons/_inc/anim/4K/pet.png
pico,default,https://raw.githubusercontent.com/CkauNui/ckau-book-addons-Colorful-4K-Images/main/ckau-book-addons/_inc/anim/4K/pico.png
pico8,default,https://raw.githubusercontent.com/CkauNui/ckau-book-addons-Colorful-4K-Images/main/ckau-book-addons/_inc/anim/4K/pico8.png
pippin,default,https://raw.githubusercontent.com/CkauNui/ckau-book-addons-Colorful-4K-Images/main/ckau-book-addons/_inc/anim/4K/pippin.png
plugnplay,default,https://raw.githubusercontent.com/CkauNui/ckau-book-addons-Colorful-4K-Images/main/ckau-book-addons/_inc/anim/4K/plugnplay.png
pocketchallengev2,default,https://raw.githubusercontent.com/CkauNui/ckau-book-addons-Colorful-4K-Images/main/ckau-book-addons/_inc/anim/4K/pocketchallengev2.png
pocketstation,default,https://raw.githubusercontent.com/CkauNui/ckau-book-addons-Colorful-4K-Images/main/ckau-book-addons/_inc/anim/4K/pocketstation.png
pokemini,default,https://raw.githubusercontent.com/CkauNui/ckau-book-addons-Colorful-4K-Images/main/ckau-book-addons/_inc/anim/4K/pokemini.png
ports,default,https://raw.githubusercontent.com/CkauNui/ckau-book-addons-Colorful-4K-Images/main/ckau-book-addons/_inc/anim/4K/ports.png
prboom,default,https://raw.githubusercontent.com/CkauNui/ckau-book-addons-Colorful-4K-Images/main/ckau-book-addons/_inc/anim/4K/prboom.png
ps2-jp,default,https://raw.githubusercontent.com/CkauNui/ckau-book-addons-Colorful-4K-Images/main/ckau-book-addons/_inc/anim/4K/ps2-jp.png
ps2,default,https://raw.githubusercontent.com/CkauNui/ckau-book-addons-Colorful-4K-Images/main/ckau-book-addons/_inc/anim/4K/ps2.png
ps3,default,https://raw.githubusercontent.com/CkauNui/ckau-book-addons-Colorful-4K-Images/main/ckau-book-addons/_inc/anim/4K/ps3.png
ps3h,default,https://raw.githubusercontent.com/CkauNui/ckau-book-addons-Colorful-4K-Images/main/ckau-book-addons/_inc/anim/4K/ps3h.png
ps4,default,https://raw.githubusercontent.com/CkauNui/ckau-book-addons-Colorful-4K-Images/main/ckau-book-addons/_inc/anim/4K/ps4.png
ps5,default,https://raw.githubusercontent.com/CkauNui/ckau-book-addons-Colorful-4K-Images/main/ckau-book-addons/_inc/anim/4K/ps5.png
psp,default,https://raw.githubusercontent.com/CkauNui/ckau-book-addons-Colorful-4K-Images/main/ckau-book-addons/_inc/anim/4K/psp.png
pspminis,default,https://raw.githubusercontent.com/CkauNui/ckau-book-addons-Colorful-4K-Images/main/ckau-book-addons/_inc/anim/4K/pspminis.png
psvita,default,https://raw.githubusercontent.com/CkauNui/ckau-book-addons-Colorful-4K-Images/main/ckau-book-addons/_inc/anim/4K/psvita.png
psx-jp,default,https://raw.githubusercontent.com/CkauNui/ckau-book-addons-Colorful-4K-Images/main/ckau-book-addons/_inc/anim/4K/psx-jp.png
psx,default,https://raw.githubusercontent.com/CkauNui/ckau-book-addons-Colorful-4K-Images/main/ckau-book-addons/_inc/anim/4K/psx.png
pv1000,default,https://raw.githubusercontent.com/CkauNui/ckau-book-addons-Colorful-4K-Images/main/ckau-book-addons/_inc/anim/4K/pv1000.png
pv2000,default,https://raw.githubusercontent.com/CkauNui/ckau-book-addons-Colorful-4K-Images/main/ckau-book-addons/_inc/anim/4K/pv2000.png
pygame,default,https://raw.githubusercontent.com/CkauNui/ckau-book-addons-Colorful-4K-Images/main/ckau-book-addons/_inc/anim/4K/pygame.png
pyxel,default,https://raw.githubusercontent.com/CkauNui/ckau-book-addons-Colorful-4K-Images/main/ckau-book-addons/_inc/anim/4K/pyxel.png
radio,default,https://raw.githubusercontent.com/CkauNui/ckau-book-addons-Colorful-4K-Images/main/ckau-book-addons/_inc/anim/4K/radio.png
rawthrills,default,https://raw.githubusercontent.com/CkauNui/ckau-book-addons-Colorful-4K-Images/main/ckau-book-addons/_inc/anim/4K/rawthrills.png
raze,default,https://raw.githubusercontent.com/CkauNui/ckau-book-addons-Colorful-4K-Images/main/ckau-book-addons/_inc/anim/4K/raze.png
realrtcw,default,https://raw.githubusercontent.com/CkauNui/ckau-book-addons-Colorful-4K-Images/main/ckau-book-addons/_inc/anim/4K/realrtcw.png
recordings,default,https://raw.githubusercontent.com/CkauNui/ckau-book-addons-Colorful-4K-Images/main/ckau-book-addons/_inc/anim/4K/recordings.png
reminiscence,default,https://raw.githubusercontent.com/CkauNui/ckau-book-addons-Colorful-4K-Images/main/ckau-book-addons/_inc/anim/4K/reminiscence.png
retrobat,default,https://raw.githubusercontent.com/CkauNui/ckau-book-addons-Colorful-4K-Images/main/ckau-book-addons/_inc/anim/4K/retrobat.png
rott,default,https://raw.githubusercontent.com/CkauNui/ckau-book-addons-Colorful-4K-Images/main/ckau-book-addons/_inc/anim/4K/rott.png
rx78,default,https://raw.githubusercontent.com/CkauNui/ckau-book-addons-Colorful-4K-Images/main/ckau-book-addons/_inc/anim/4K/rx78.png
samcoupe,default,https://raw.githubusercontent.com/CkauNui/ckau-book-addons-Colorful-4K-Images/main/ckau-book-addons/_inc/anim/4K/samcoupe.png
satellaview,default,https://raw.githubusercontent.com/CkauNui/ckau-book-addons-Colorful-4K-Images/main/ckau-book-addons/_inc/anim/4K/satellaview.png
saturn-jp,default,https://raw.githubusercontent.com/CkauNui/ckau-book-addons-Colorful-4K-Images/main/ckau-book-addons/_inc/anim/4K/saturn-jp.png
saturn,default,https://raw.githubusercontent.com/CkauNui/ckau-book-addons-Colorful-4K-Images/main/ckau-book-addons/_inc/anim/4K/saturn.png
sc-3000,default,https://raw.githubusercontent.com/CkauNui/ckau-book-addons-Colorful-4K-Images/main/ckau-book-addons/_inc/anim/4K/sc-3000.png
scummvm,default,https://raw.githubusercontent.com/CkauNui/ckau-book-addons-Colorful-4K-Images/main/ckau-book-addons/_inc/anim/4K/scummvm.png
scv,default,https://raw.githubusercontent.com/CkauNui/ckau-book-addons-Colorful-4K-Images/main/ckau-book-addons/_inc/anim/4K/scv.png
sdlpop,default,https://raw.githubusercontent.com/CkauNui/ckau-book-addons-Colorful-4K-Images/main/ckau-book-addons/_inc/anim/4K/sdlpop.png
sega,default,https://raw.githubusercontent.com/CkauNui/ckau-book-addons-Colorful-4K-Images/main/ckau-book-addons/_inc/anim/4K/sega.png
sega32x,default,https://raw.githubusercontent.com/CkauNui/ckau-book-addons-Colorful-4K-Images/main/ckau-book-addons/_inc/anim/4K/sega32x.png
segaai,default,https://raw.githubusercontent.com/CkauNui/ckau-book-addons-Colorful-4K-Images/main/ckau-book-addons/_inc/anim/4K/segaai.png
segaalls,default,https://raw.githubusercontent.com/CkauNui/ckau-book-addons-Colorful-4K-Images/main/ckau-book-addons/_inc/anim/4K/segaalls.png
segacd-us,default,https://raw.githubusercontent.com/CkauNui/ckau-book-addons-Colorful-4K-Images/main/ckau-book-addons/_inc/anim/4K/segacd-us.png
segacd,default,https://raw.githubusercontent.com/CkauNui/ckau-book-addons-Colorful-4K-Images/main/ckau-book-addons/_inc/anim/4K/segacd.png
segacd32x,default,https://raw.githubusercontent.com/CkauNui/ckau-book-addons-Colorful-4K-Images/main/ckau-book-addons/_inc/anim/4K/segacd32x.png
segaer,default,https://raw.githubusercontent.com/CkauNui/ckau-book-addons-Colorful-4K-Images/main/ckau-book-addons/_inc/anim/4K/segaer.png
segare,default,https://raw.githubusercontent.com/CkauNui/ckau-book-addons-Colorful-4K-Images/main/ckau-book-addons/_inc/anim/4K/segare.png
segarw,default,https://raw.githubusercontent.com/CkauNui/ckau-book-addons-Colorful-4K-Images/main/ckau-book-addons/_inc/anim/4K/segarw.png
segastv,default,https://raw.githubusercontent.com/CkauNui/ckau-book-addons-Colorful-4K-Images/main/ckau-book-addons/_inc/anim/4K/segastv.png
segasystem32,default,https://raw.githubusercontent.com/CkauNui/ckau-book-addons-Colorful-4K-Images/main/ckau-book-addons/_inc/anim/4K/segasystem32.png
setup,default,https://raw.githubusercontent.com/CkauNui/ckau-book-addons-Colorful-4K-Images/main/ckau-book-addons/_inc/anim/4K/setup.png
sfc,default,https://raw.githubusercontent.com/CkauNui/ckau-book-addons-Colorful-4K-Images/main/ckau-book-addons/_inc/anim/4K/sfc.png
sg-1000,default,https://raw.githubusercontent.com/CkauNui/ckau-book-addons-Colorful-4K-Images/main/ckau-book-addons/_inc/anim/4K/sg-1000.png
sgb,default,https://raw.githubusercontent.com/CkauNui/ckau-book-addons-Colorful-4K-Images/main/ckau-book-addons/_inc/anim/4K/sgb.png
sgb_US,default,https://raw.githubusercontent.com/CkauNui/ckau-book-addons-Colorful-4K-Images/main/ckau-book-addons/_inc/anim/4K/sgb_US.png
singe,default,https://raw.githubusercontent.com/CkauNui/ckau-book-addons-Colorful-4K-Images/main/ckau-book-addons/_inc/anim/4K/singe.png
smc777,default,https://raw.githubusercontent.com/CkauNui/ckau-book-addons-Colorful-4K-Images/main/ckau-book-addons/_inc/anim/4K/smc777.png
snes JP,default,https://raw.githubusercontent.com/CkauNui/ckau-book-addons-Colorful-4K-Images/main/ckau-book-addons/_inc/anim/4K/snes%20JP.png
snes US,default,https://raw.githubusercontent.com/CkauNui/ckau-book-addons-Colorful-4K-Images/main/ckau-book-addons/_inc/anim/4K/snes%20US.png
snes-msu1,default,https://raw.githubusercontent.com/CkauNui/ckau-book-addons-Colorful-4K-Images/main/ckau-book-addons/_inc/anim/4K/snes-msu1.png
snes,default,https://raw.githubusercontent.com/CkauNui/ckau-book-addons-Colorful-4K-Images/main/ckau-book-addons/_inc/anim/4K/snes.png
snes_new,default,https://raw.githubusercontent.com/CkauNui/ckau-book-addons-Colorful-4K-Images/main/ckau-book-addons/_inc/anim/4K/snes_new.png
snescd,default,https://raw.githubusercontent.com/CkauNui/ckau-book-addons-Colorful-4K-Images/main/ckau-book-addons/_inc/anim/4K/snescd.png
snk,default,https://raw.githubusercontent.com/CkauNui/ckau-book-addons-Colorful-4K-Images/main/ckau-book-addons/_inc/anim/4K/snk.png
snotec,default,https://raw.githubusercontent.com/CkauNui/ckau-book-addons-Colorful-4K-Images/main/ckau-book-addons/_inc/anim/4K/snotec.png
socrates,default,https://raw.githubusercontent.com/CkauNui/ckau-book-addons-Colorful-4K-Images/main/ckau-book-addons/_inc/anim/4K/socrates.png
soh,default,https://raw.githubusercontent.com/CkauNui/ckau-book-addons-Colorful-4K-Images/main/ckau-book-addons/_inc/anim/4K/soh.png
solarus,default,https://raw.githubusercontent.com/CkauNui/ckau-book-addons-Colorful-4K-Images/main/ckau-book-addons/_inc/anim/4K/solarus.png
sonicretro,default,https://raw.githubusercontent.com/CkauNui/ckau-book-addons-Colorful-4K-Images/main/ckau-book-addons/_inc/anim/4K/sonicretro.png
sorcerer,default,https://raw.githubusercontent.com/CkauNui/ckau-book-addons-Colorful-4K-Images/main/ckau-book-addons/_inc/anim/4K/sorcerer.png
spectravideo,default,https://raw.githubusercontent.com/CkauNui/ckau-book-addons-Colorful-4K-Images/main/ckau-book-addons/_inc/anim/4K/spectravideo.png
starship,default,https://raw.githubusercontent.com/CkauNui/ckau-book-addons-Colorful-4K-Images/main/ckau-book-addons/_inc/anim/4K/starship.png
steam,default,https://raw.githubusercontent.com/CkauNui/ckau-book-addons-Colorful-4K-Images/main/ckau-book-addons/_inc/anim/4K/steam.png
studio2,default,https://raw.githubusercontent.com/CkauNui/ckau-book-addons-Colorful-4K-Images/main/ckau-book-addons/_inc/anim/4K/studio2.png
sufami,default,https://raw.githubusercontent.com/CkauNui/ckau-book-addons-Colorful-4K-Images/main/ckau-book-addons/_inc/anim/4K/sufami.png
superbroswar,default,https://raw.githubusercontent.com/CkauNui/ckau-book-addons-Colorful-4K-Images/main/ckau-book-addons/_inc/anim/4K/superbroswar.png
supercharger,default,https://raw.githubusercontent.com/CkauNui/ckau-book-addons-Colorful-4K-Images/main/ckau-book-addons/_inc/anim/4K/supercharger.png
supergrafx,default,https://raw.githubusercontent.com/CkauNui/ckau-book-addons-Colorful-4K-Images/main/ckau-book-addons/_inc/anim/4K/supergrafx.png
supervision,default,https://raw.githubusercontent.com/CkauNui/ckau-book-addons-Colorful-4K-Images/main/ckau-book-addons/_inc/anim/4K/supervision.png
supracan,default,https://raw.githubusercontent.com/CkauNui/ckau-book-addons-Colorful-4K-Images/main/ckau-book-addons/_inc/anim/4K/supracan.png
sv8000,default,https://raw.githubusercontent.com/CkauNui/ckau-book-addons-Colorful-4K-Images/main/ckau-book-addons/_inc/anim/4K/sv8000.png
switch-fix,default,https://raw.githubusercontent.com/CkauNui/ckau-book-addons-Colorful-4K-Images/main/ckau-book-addons/_inc/anim/4K/switch-fix.png
switch,default,https://raw.githubusercontent.com/CkauNui/ckau-book-addons-Colorful-4K-Images/main/ckau-book-addons/_inc/anim/4K/switch.png
sys80,default,https://raw.githubusercontent.com/CkauNui/ckau-book-addons-Colorful-4K-Images/main/ckau-book-addons/_inc/anim/4K/sys80.png
systemsp,default,https://raw.githubusercontent.com/CkauNui/ckau-book-addons-Colorful-4K-Images/main/ckau-book-addons/_inc/anim/4K/systemsp.png
taito,default,https://raw.githubusercontent.com/CkauNui/ckau-book-addons-Colorful-4K-Images/main/ckau-book-addons/_inc/anim/4K/taito.png
tduo,default,https://raw.githubusercontent.com/CkauNui/ckau-book-addons-Colorful-4K-Images/main/ckau-book-addons/_inc/anim/4K/tduo.png
teknoparrot,default,https://raw.githubusercontent.com/CkauNui/ckau-book-addons-Colorful-4K-Images/main/ckau-book-addons/_inc/anim/4K/teknoparrot.png
tg-cd,default,https://raw.githubusercontent.com/CkauNui/ckau-book-addons-Colorful-4K-Images/main/ckau-book-addons/_inc/anim/4K/tg-cd.png
tg16,default,https://raw.githubusercontent.com/CkauNui/ckau-book-addons-Colorful-4K-Images/main/ckau-book-addons/_inc/anim/4K/tg16.png
thextech,default,https://raw.githubusercontent.com/CkauNui/ckau-book-addons-Colorful-4K-Images/main/ckau-book-addons/_inc/anim/4K/thextech.png
thomson,default,https://raw.githubusercontent.com/CkauNui/ckau-book-addons-Colorful-4K-Images/main/ckau-book-addons/_inc/anim/4K/thomson.png
ti99,default,https://raw.githubusercontent.com/CkauNui/ckau-book-addons-Colorful-4K-Images/main/ckau-book-addons/_inc/anim/4K/ti99.png
tic80,default,https://raw.githubusercontent.com/CkauNui/ckau-book-addons-Colorful-4K-Images/main/ckau-book-addons/_inc/anim/4K/tic80.png
tiger,default,https://raw.githubusercontent.com/CkauNui/ckau-book-addons-Colorful-4K-Images/main/ckau-book-addons/_inc/anim/4K/tiger.png
tools,default,https://raw.githubusercontent.com/CkauNui/ckau-book-addons-Colorful-4K-Images/main/ckau-book-addons/_inc/anim/4K/tools.png
triforce,default,https://raw.githubusercontent.com/CkauNui/ckau-book-addons-Colorful-4K-Images/main/ckau-book-addons/_inc/anim/4K/triforce.png
tutor,default,https://raw.githubusercontent.com/CkauNui/ckau-book-addons-Colorful-4K-Images/main/ckau-book-addons/_inc/anim/4K/tutor.png
tvc64,default,https://raw.githubusercontent.com/CkauNui/ckau-book-addons-Colorful-4K-Images/main/ckau-book-addons/_inc/anim/4K/tvc64.png
typex,default,https://raw.githubusercontent.com/CkauNui/ckau-book-addons-Colorful-4K-Images/main/ckau-book-addons/_inc/anim/4K/typex.png
typex2,default,https://raw.githubusercontent.com/CkauNui/ckau-book-addons-Colorful-4K-Images/main/ckau-book-addons/_inc/anim/4K/typex2.png
tyrian,default,https://raw.githubusercontent.com/CkauNui/ckau-book-addons-Colorful-4K-Images/main/ckau-book-addons/_inc/anim/4K/tyrian.png
tyrquake,default,https://raw.githubusercontent.com/CkauNui/ckau-book-addons-Colorful-4K-Images/main/ckau-book-addons/_inc/anim/4K/tyrquake.png
unis,default,https://raw.githubusercontent.com/CkauNui/ckau-book-addons-Colorful-4K-Images/main/ckau-book-addons/_inc/anim/4K/unis.png
uzebox,default,https://raw.githubusercontent.com/CkauNui/ckau-book-addons-Colorful-4K-Images/main/ckau-book-addons/_inc/anim/4K/uzebox.png
vc4000,default,https://raw.githubusercontent.com/CkauNui/ckau-book-addons-Colorful-4K-Images/main/ckau-book-addons/_inc/anim/4K/vc4000.png
vectrex,default,https://raw.githubusercontent.com/CkauNui/ckau-book-addons-Colorful-4K-Images/main/ckau-book-addons/_inc/anim/4K/vectrex.png
vemulator,default,https://raw.githubusercontent.com/CkauNui/ckau-book-addons-Colorful-4K-Images/main/ckau-book-addons/_inc/anim/4K/vemulator.png
vg5k,default,https://raw.githubusercontent.com/CkauNui/ckau-book-addons-Colorful-4K-Images/main/ckau-book-addons/_inc/anim/4K/vg5k.png
vgm,default,https://raw.githubusercontent.com/CkauNui/ckau-book-addons-Colorful-4K-Images/main/ckau-book-addons/_inc/anim/4K/vgm.png
vgmplay,default,https://raw.githubusercontent.com/CkauNui/ckau-book-addons-Colorful-4K-Images/main/ckau-book-addons/_inc/anim/4K/vgmplay.png
vidbrain,default,https://raw.githubusercontent.com/CkauNui/ckau-book-addons-Colorful-4K-Images/main/ckau-book-addons/_inc/anim/4K/vidbrain.png
videodriver,default,https://raw.githubusercontent.com/CkauNui/ckau-book-addons-Colorful-4K-Images/main/ckau-book-addons/_inc/anim/4K/videodriver.png
videopac,default,https://raw.githubusercontent.com/CkauNui/ckau-book-addons-Colorful-4K-Images/main/ckau-book-addons/_inc/anim/4K/videopac.png
videopacplus,default,https://raw.githubusercontent.com/CkauNui/ckau-book-addons-Colorful-4K-Images/main/ckau-book-addons/_inc/anim/4K/videopacplus.png
vii,default,https://raw.githubusercontent.com/CkauNui/ckau-book-addons-Colorful-4K-Images/main/ckau-book-addons/_inc/anim/4K/vii.png
vircon32,default,https://raw.githubusercontent.com/CkauNui/ckau-book-addons-Colorful-4K-Images/main/ckau-book-addons/_inc/anim/4K/vircon32.png
virtualboy,default,https://raw.githubusercontent.com/CkauNui/ckau-book-addons-Colorful-4K-Images/main/ckau-book-addons/_inc/anim/4K/virtualboy.png
vis,default,https://raw.githubusercontent.com/CkauNui/ckau-book-addons-Colorful-4K-Images/main/ckau-book-addons/_inc/anim/4K/vis.png
vitaquake2,default,https://raw.githubusercontent.com/CkauNui/ckau-book-addons-Colorful-4K-Images/main/ckau-book-addons/_inc/anim/4K/vitaquake2.png
vsmile,default,https://raw.githubusercontent.com/CkauNui/ckau-book-addons-Colorful-4K-Images/main/ckau-book-addons/_inc/anim/4K/vsmile.png
wahlap,default,https://raw.githubusercontent.com/CkauNui/ckau-book-addons-Colorful-4K-Images/main/ckau-book-addons/_inc/anim/4K/wahlap.png
wasm4,default,https://raw.githubusercontent.com/CkauNui/ckau-book-addons-Colorful-4K-Images/main/ckau-book-addons/_inc/anim/4K/wasm4.png
wii,default,https://raw.githubusercontent.com/CkauNui/ckau-book-addons-Colorful-4K-Images/main/ckau-book-addons/_inc/anim/4K/wii.png
wiiu-fix,default,https://raw.githubusercontent.com/CkauNui/ckau-book-addons-Colorful-4K-Images/main/ckau-book-addons/_inc/anim/4K/wiiu-fix.png
wiiu-sky,default,https://raw.githubusercontent.com/CkauNui/ckau-book-addons-Colorful-4K-Images/main/ckau-book-addons/_inc/anim/4K/wiiu-sky.png
wiiu,default,https://raw.githubusercontent.com/CkauNui/ckau-book-addons-Colorful-4K-Images/main/ckau-book-addons/_inc/anim/4K/wiiu.png
wiiueshop,default,https://raw.githubusercontent.com/CkauNui/ckau-book-addons-Colorful-4K-Images/main/ckau-book-addons/_inc/anim/4K/wiiueshop.png
wiiware,default,https://raw.githubusercontent.com/CkauNui/ckau-book-addons-Colorful-4K-Images/main/ckau-book-addons/_inc/anim/4K/wiiware.png
williams,default,https://raw.githubusercontent.com/CkauNui/ckau-book-addons-Colorful-4K-Images/main/ckau-book-addons/_inc/anim/4K/williams.png
win11,default,https://raw.githubusercontent.com/CkauNui/ckau-book-addons-Colorful-4K-Images/main/ckau-book-addons/_inc/anim/4K/win11.png
win311,default,https://raw.githubusercontent.com/CkauNui/ckau-book-addons-Colorful-4K-Images/main/ckau-book-addons/_inc/anim/4K/win311.png
win95,default,https://raw.githubusercontent.com/CkauNui/ckau-book-addons-Colorful-4K-Images/main/ckau-book-addons/_inc/anim/4K/win95.png
win98,default,https://raw.githubusercontent.com/CkauNui/ckau-book-addons-Colorful-4K-Images/main/ckau-book-addons/_inc/anim/4K/win98.png
winbigfish,default,https://raw.githubusercontent.com/CkauNui/ckau-book-addons-Colorful-4K-Images/main/ckau-book-addons/_inc/anim/4K/winbigfish.png
windows,default,https://raw.githubusercontent.com/CkauNui/ckau-book-addons-Colorful-4K-Images/main/ckau-book-addons/_inc/anim/4K/windows.png
wingamehouse,default,https://raw.githubusercontent.com/CkauNui/ckau-book-addons-Colorful-4K-Images/main/ckau-book-addons/_inc/anim/4K/wingamehouse.png
winpopcap,default,https://raw.githubusercontent.com/CkauNui/ckau-book-addons-Colorful-4K-Images/main/ckau-book-addons/_inc/anim/4K/winpopcap.png
wonderswan,default,https://raw.githubusercontent.com/CkauNui/ckau-book-addons-Colorful-4K-Images/main/ckau-book-addons/_inc/anim/4K/wonderswan.png
wonderswancolor,default,https://raw.githubusercontent.com/CkauNui/ckau-book-addons-Colorful-4K-Images/main/ckau-book-addons/_inc/anim/4K/wonderswancolor.png
x1,default,https://raw.githubusercontent.com/CkauNui/ckau-book-addons-Colorful-4K-Images/main/ckau-book-addons/_inc/anim/4K/x1.png
x68000,default,https://raw.githubusercontent.com/CkauNui/ckau-book-addons-Colorful-4K-Images/main/ckau-book-addons/_inc/anim/4K/x68000.png
xash3d_fwgs,default,https://raw.githubusercontent.com/CkauNui/ckau-book-addons-Colorful-4K-Images/main/ckau-book-addons/_inc/anim/4K/xash3d_fwgs.png
xbla,default,https://raw.githubusercontent.com/CkauNui/ckau-book-addons-Colorful-4K-Images/main/ckau-book-addons/_inc/anim/4K/xbla.png
xbox,default,https://raw.githubusercontent.com/CkauNui/ckau-book-addons-Colorful-4K-Images/main/ckau-book-addons/_inc/anim/4K/xbox.png
xbox360,default,https://raw.githubusercontent.com/CkauNui/ckau-book-addons-Colorful-4K-Images/main/ckau-book-addons/_inc/anim/4K/xbox360.png
xboxone,default,https://raw.githubusercontent.com/CkauNui/ckau-book-addons-Colorful-4K-Images/main/ckau-book-addons/_inc/anim/4K/xboxone.png
xboxpass-fix,default,https://raw.githubusercontent.com/CkauNui/ckau-book-addons-Colorful-4K-Images/main/ckau-book-addons/_inc/anim/4K/xboxpass-fix.png
xboxpass,default,https://raw.githubusercontent.com/CkauNui/ckau-book-addons-Colorful-4K-Images/main/ckau-book-addons/_inc/anim/4K/xboxpass.png
xboxseries,default,https://raw.githubusercontent.com/CkauNui/ckau-book-addons-Colorful-4K-Images/main/ckau-book-addons/_inc/anim/4K/xboxseries.png
xegs,default,https://raw.githubusercontent.com/CkauNui/ckau-book-addons-Colorful-4K-Images/main/ckau-book-addons/_inc/anim/4K/xegs.png
xrick,default,https://raw.githubusercontent.com/CkauNui/ckau-book-addons-Colorful-4K-Images/main/ckau-book-addons/_inc/anim/4K/xrick.png
zeldac,default,https://raw.githubusercontent.com/CkauNui/ckau-book-addons-Colorful-4K-Images/main/ckau-book-addons/_inc/anim/4K/zeldac.png
zinc,default,https://raw.githubusercontent.com/CkauNui/ckau-book-addons-Colorful-4K-Images/main/ckau-book-addons/_inc/anim/4K/zinc.png
zx81,default,https://raw.githubusercontent.com/CkauNui/ckau-book-addons-Colorful-4K-Images/main/ckau-book-addons/_inc/anim/4K/zx81.png
zxspectrum,default,https://raw.githubusercontent.com/CkauNui/ckau-book-addons-Colorful-4K-Images/main/ckau-book-addons/_inc/anim/4K/zxspectrum.png
atari7800,us,https://raw.githubusercontent.com/CkauNui/ckau-book-addons-Colorful-4K-Images/main/ckau-book-addons/_inc/anim/4K/us/atari7800.png
dreamcast,us,https://raw.githubusercontent.com/CkauNui/ckau-book-addons-Colorful-4K-Images/main/ckau-book-addons/_inc/anim/4K/us/dreamcast.png
megacd,us,https://raw.githubusercontent.com/CkauNui/ckau-book-addons-Colorful-4K-Images/main/ckau-book-addons/_inc/anim/4K/us/megacd.png
megadrive,us,https://raw.githubusercontent.com/CkauNui/ckau-book-addons-Colorful-4K-Images/main/ckau-book-addons/_inc/anim/4K/us/megadrive.png
pce-cd,us,https://raw.githubusercontent.com/CkauNui/ckau-book-addons-Colorful-4K-Images/main/ckau-book-addons/_inc/anim/4K/us/pce-cd.png
pcengine,us,https://raw.githubusercontent.com/CkauNui/ckau-book-addons-Colorful-4K-Images/main/ckau-book-addons/_inc/anim/4K/us/pcengine.png
sgb,us,https://raw.githubusercontent.com/CkauNui/ckau-book-addons-Colorful-4K-Images/main/ckau-book-addons/_inc/anim/4K/us/sgb.png
snes,us,https://raw.githubusercontent.com/CkauNui/ckau-book-addons-Colorful-4K-Images/main/ckau-book-addons/_inc/anim/4K/us/snes.png
dreamcast,jp,https://raw.githubusercontent.com/CkauNui/ckau-book-addons-Colorful-4K-Images/main/ckau-book-addons/_inc/anim/4K/jp/dreamcast.png
gc,jp,https://raw.githubusercontent.com/CkauNui/ckau-book-addons-Colorful-4K-Images/main/ckau-book-addons/_inc/anim/4K/jp/gc.png
mastersystem,jp,https://raw.githubusercontent.com/CkauNui/ckau-book-addons-Colorful-4K-Images/main/ckau-book-addons/_inc/anim/4K/jp/mastersystem.png
megacd,jp,https://raw.githubusercontent.com/CkauNui/ckau-book-addons-Colorful-4K-Images/main/ckau-book-addons/_inc/anim/4K/jp/megacd.png
nes,jp,https://raw.githubusercontent.com/CkauNui/ckau-book-addons-Colorful-4K-Images/main/ckau-book-addons/_inc/anim/4K/jp/nes.png
saturn,jp,https://raw.githubusercontent.com/CkauNui/ckau-book-addons-Colorful-4K-Images/main/ckau-book-addons/_inc/anim/4K/jp/saturn.png
snes,jp,https://raw.githubusercontent.com/CkauNui/ckau-book-addons-Colorful-4K-Images/main/ckau-book-addons/_inc/anim/4K/jp/snes.png
